{"0.5": [134.71386980891418, 299.9213474737512], "1.0": [64.28875159857407, 159.0202811743507], "2.0": [122.79310675335311, 164.43142973189887], "3.0": [142.87133271061884, 170.032828793554], "4.0": [151.26741292862008, 167.60311223930685], "0.2": [-9999, -9999], "0.4": [-9999, -9999], "7.0": [], "0.8": [67.40727706330546, 199.62182894289748], "0.30000000000000004": [-9999, -9999], "10.0": [], "0.6": [111.87255371739555, 314.63900798120414], "0.1": [-9999, -9999], "8.0": [], "0.9": [47.88359308634206, 166.63085642871604], "9.0": [], "0.7000000000000001": [99.38523698786518, 317.0803323358272], "6.0": [], "5.0": [156.50577995920847, 158.61749158304872]}